city	rok	avg_min_temp_rok	yoy_proc_avg_min_temp_rok	avg_max_temp_rok	yoy_proc_avg_max_temp_rok	avg_mean_temp_rok	yoy_proc_avg_mean_temp_rok	avg_min_humidity_rok	yoy_proc_avg_min_humidity_rok	avg_max_humidity_rok	yoy_proc_avg_max_humidity_rok	avg_mean_humidity_rok	yoy_proc_avg_mean_humidity_rok	avg_mean_wind_speed_mph_rok	yoy_proc_avg_mean_wind_speed_mph_rok	avg_max_wind_speed_mph_rok	yoy_proc_avg_max_wind_speed_mph_rok
Palo Alto	2013	9.024		20.776		15.072		39.968		82.208		61.328		3.768		13.744	
Palo Alto	2014	12.1863013698630137	35	22.2575342465753425	7	17.1041095890410959	13	47.3174603174603175	18	84.5555555555555556	3	64.7936507936507937	6	7.1095890410958904	89	15.4054794520547945	12
Palo Alto	2015	12.2074688796680498	0	22.1120331950207469	-1	16.987551867219917	-1	51.2987551867219917	8	88.1908713692946058	4	68.3651452282157676	6	8.2863070539419087	17	18.962655601659751	23
